Mouse ID,Drug Regimen,Sex,Age_months,Weight (g),Tumor Volume (mm3)
k403,Ramicane,Male,21,16,22.05012627
s185,Capomulin,Female,3,17,23.34359787
x401,Capomulin,Female,16,15,28.48403281
m601,Capomulin,Male,22,17,28.43096411
g791,Ramicane,Male,11,16,29.12847181
s508,Ramicane,Male,1,17,30.27623175
m546,Ramicane,Male,18,16,30.56462509
z578,Ramicane,Male,11,16,30.63869575
j913,Ramicane,Female,4,17,31.56046955
u364,Capomulin,Male,18,17,31.02392294
n364,Ramicane,Male,4,17,31.09533505
y793,Capomulin,Male,17,17,31.896238399999998
r554,Capomulin,Female,8,17,32.37735684
m957,Capomulin,Female,3,19,33.32909778
c758,Ramicane,Male,9,17,33.39765251
t565,Capomulin,Female,20,17,34.45529799
a644,Ramicane,Female,7,17,32.97852192
i177,Ramicane,Male,10,18,33.56240217
j989,Ramicane,Male,8,19,36.13485243
i738,Capomulin,Female,23,20,37.31184577
a520,Ramicane,Male,13,21,38.81036633
w914,Capomulin,Male,24,21,36.04104736
r811,Ramicane,Male,9,19,37.22565033
g288,Capomulin,Male,3,19,37.07402422
i334,Ramicane,Female,8,20,36.37451039
d251,Ramicane,Female,8,19,37.31123552
l897,Capomulin,Male,17,19,38.84687569
b742,Capomulin,Male,7,21,38.93963263
b128,Capomulin,Female,9,22,38.98287774
a411,Ramicane,Male,3,22,38.407618299999996
j119,Capomulin,Female,7,23,38.125164399999996
v923,Capomulin,Female,19,21,40.65812366
g316,Capomulin,Female,22,22,40.1592203
s710,Capomulin,Female,1,23,40.72857787
l509,Capomulin,Male,17,21,41.48300765
r944,Capomulin,Male,12,25,41.58152074
e662,Ramicane,Male,8,24,40.65900627
u196,Ramicane,Male,18,25,40.66771292
q597,Ramicane,Male,20,25,45.22086888
a444,Ramicane,Female,10,25,43.04754260000001
i557,Capomulin,Female,1,24,47.68596303
a203,Infubinol,Female,20,23,67.97341878
a251,Infubinol,Female,21,25,65.52574285
a262,Placebo,Female,17,29,70.71762058
a275,Ceftamin,Female,20,28,62.99935619
a401,Zoniferol,Female,8,25,66.79415599
a492,Stelasyn,Male,20,25,60.12201052
a685,Infubinol,Male,8,30,66.08306589
a699,Propriva,Female,5,28,62.19141437
a818,Naftisol,Female,12,28,74.99776443
a897,Placebo,Male,7,28,72.25596306
a963,Stelasyn,Female,23,27,62.76509317
b559,Naftisol,Male,20,26,73.05136339
b879,Stelasyn,Female,4,26,72.55523894
c139,Infubinol,Male,11,28,72.2267309
c264,Zoniferol,Female,11,27,67.94212107
c282,Placebo,Male,12,27,65.81516535
c302,Zoniferol,Female,10,29,64.57522157
c402,Stelasyn,Female,1,27,74.04039018
c559,Zoniferol,Female,19,28,61.84005842
c757,Placebo,Male,9,27,69.04284082
c766,Placebo,Female,13,26,69.82314577
c832,Ketapril,Male,18,29,65.41595451
e213,Naftisol,Male,8,27,63.1056963
e227,Placebo,Male,1,30,73.21293851
e476,Infubinol,Male,23,26,62.43540402
e584,Naftisol,Male,9,27,68.3597767
f345,Infubinol,Male,23,26,60.91876652
f545,Zoniferol,Female,20,26,73.32443228
g296,Zoniferol,Female,14,29,68.16319517
g497,Ketapril,Male,19,28,69.87225079
g570,Propriva,Male,16,29,70.49278763
h246,Ketapril,Male,13,30,74.10408567
i635,Propriva,Male,21,26,58.63340414
i901,Stelasyn,Male,23,29,65.34181087
j296,Ceftamin,Female,24,30,61.84902336
j365,Zoniferol,Male,24,28,64.29408493
j755,Naftisol,Male,23,27,69.56362076
j984,Stelasyn,Female,2,30,70.65383162
k210,Ceftamin,Male,15,28,68.92318457
k382,Ketapril,Male,22,29,73.71561899999999
k483,Infubinol,Female,20,30,66.19691151
k862,Stelasyn,Female,13,25,69.29914907
k894,Zoniferol,Female,13,29,60.75270417
l471,Ceftamin,Female,7,28,67.74866174
l661,Ceftamin,Male,18,26,59.85195552
l700,Naftisol,Female,18,27,63.94664044
l725,Naftisol,Female,8,26,76.66881742
l733,Ceftamin,Female,4,30,64.29983003
m269,Stelasyn,Female,22,28,75.12368955
m550,Ketapril,Male,18,28,69.25350312
m650,Ketapril,Male,15,27,73.90139912
n304,Naftisol,Male,9,26,63.58639514
o287,Ceftamin,Male,2,28,59.74190064
o331,Ketapril,Male,24,30,78.56701362
o562,Propriva,Female,4,25,72.45542116
o795,Placebo,Female,20,26,73.05945435
o926,Zoniferol,Male,15,29,62.32796606
p136,Zoniferol,Female,5,28,63.48869678
p189,Ketapril,Male,8,28,75.2949359
p438,Ceftamin,Female,11,26,61.43389223
q511,Zoniferol,Female,2,28,68.61106075
q633,Zoniferol,Male,12,25,70.82779631
q787,Placebo,Male,17,27,66.09647477
r604,Naftisol,Male,7,30,62.67075904
r701,Naftisol,Male,21,25,69.77854407
s337,Zoniferol,Male,14,27,62.10965102
s565,Stelasyn,Female,3,29,72.58896447
t198,Propriva,Male,22,26,64.91136268
t451,Stelasyn,Male,8,29,68.7116302
t718,Placebo,Female,10,30,63.42369517
t724,Naftisol,Female,2,25,75.11328801
u327,Ketapril,Male,17,25,66.26880133
v991,Propriva,Female,10,30,70.16774899
w151,Ceftamin,Male,24,25,67.52748237
w350,Propriva,Male,7,26,64.95756185
w422,Ketapril,Female,18,26,67.98953001
w575,Zoniferol,Female,16,28,68.40128593
x402,Stelasyn,Male,21,28,61.61960615
x581,Ceftamin,Female,19,28,64.63494887
x773,Placebo,Female,21,30,58.63497149
x822,Ceftamin,Male,3,29,61.38666032
y163,Infubinol,Female,17,27,67.68556862
y260,Ketapril,Female,7,25,62.90944062
y478,Placebo,Female,3,25,66.84263453
y769,Ceftamin,Female,6,27,68.59474498
y865,Ceftamin,Male,23,26,64.72983655
z581,Infubinol,Female,24,25,62.75445141
z795,Naftisol,Female,13,29,65.74107029
z969,Naftisol,Male,9,30,73.86784476
